estudiante,materia,periodo,nota,nota_ajustada
Ana,Mate,2024-1,4.5,4.95
Ana,Historia,2024-1,3.8,4.18
Ana,Mate,2024-2,4.2,4.620000000000001
Luis,Mate,2024-1,3.5,3.8500000000000005
Luis,Historia,2024-2,4.0,4.4
sergio,Mate,2024-1,4.8,5.28
sergio,Historia,2024-2,4.9,5.390000000000001
